condition	stimulus	ITI	trial	targetResponse	block	subject	task
distractor	2	0.83	1	right	1	21	P300
distractor	3	0.75	2	right	1	21	P300
distractor	1	0.79	3	right	1	21	P300
distractor	3	0.87	4	right	1	21	P300
distractor	1	1.17	5	right	1	21	P300
target	4	0.86	6	right	1	21	P300
distractor	2	0.87	7	right	1	21	P300
target	4	1.02	8	right	1	21	P300
distractor	1	0.74	9	right	1	21	P300
distractor	5	0.74	10	right	1	21	P300
distractor	2	0.82	11	right	1	21	P300
target	4	0.8	12	right	1	21	P300
distractor	1	0.72	13	right	1	21	P300
distractor	3	1.35	14	right	1	21	P300
distractor	1	0.99	15	right	1	21	P300
distractor	2	0.83	16	right	1	21	P300
distractor	2	1.42	17	right	1	21	P300
distractor	5	0.87	18	right	1	21	P300
distractor	1	0.79	19	right	1	21	P300
target	4	0.88	20	right	1	21	P300
distractor	5	1.18	21	right	1	21	P300
distractor	2	0.84	22	right	1	21	P300
target	4	0.83	23	right	1	21	P300
distractor	5	1.62	24	right	1	21	P300
distractor	3	1.03	25	right	1	21	P300
distractor	3	1.29	26	right	1	21	P300
distractor	2	1.69	27	right	1	21	P300
distractor	5	0.83	28	right	1	21	P300
distractor	3	1.03	29	right	1	21	P300
target	4	0.76	30	right	1	21	P300
distractor	3	2.11	31	right	1	21	P300
distractor	3	1.42	32	right	1	21	P300
distractor	1	1.15	33	right	1	21	P300
distractor	5	0.79	34	right	1	21	P300
distractor	1	2.23	35	right	1	21	P300
distractor	2	0.71	36	right	1	21	P300
target	4	0.93	37	right	1	21	P300
distractor	3	1.95	38	right	1	21	P300
distractor	3	0.86	39	right	1	21	P300
distractor	5	1.35	40	right	1	21	P300
target	4	2.3	41	right	1	21	P300
distractor	1	1.22	42	right	1	21	P300
distractor	1	0.85	43	right	1	21	P300
distractor	1	2.2	44	right	1	21	P300
distractor	2	0.91	45	right	1	21	P300
distractor	1	2.01	46	right	1	21	P300
distractor	5	0.76	47	right	1	21	P300
distractor	2	1.9	48	right	1	21	P300
distractor	2	1.31	49	right	1	21	P300
distractor	3	0.72	50	right	1	21	P300
distractor	5	1.17	51	right	1	21	P300
target	4	0.81	52	right	1	21	P300
distractor	1	1.01	53	right	1	21	P300
distractor	5	1.01	54	right	1	21	P300
distractor	1	0.74	55	right	1	21	P300
target	4	1.43	56	right	1	21	P300
distractor	1	2.12	57	right	1	21	P300
distractor	5	1.08	58	right	1	21	P300
distractor	2	0.92	59	right	1	21	P300
distractor	3	1.16	60	right	1	21	P300
distractor	2	0.91	61	right	1	21	P300
distractor	3	1.09	62	right	1	21	P300
distractor	5	0.94	63	right	1	21	P300
target	4	0.77	64	right	1	21	P300
distractor	3	1.53	65	right	1	21	P300
target	4	0.89	66	right	1	21	P300
distractor	5	0.74	67	right	1	21	P300
distractor	3	0.71	68	right	1	21	P300
target	4	0.96	69	right	1	21	P300
distractor	5	0.75	70	right	1	21	P300
distractor	2	1.22	71	right	1	21	P300
distractor	5	0.72	72	right	1	21	P300
distractor	3	0.7	73	right	1	21	P300
distractor	3	0.74	74	right	1	21	P300
target	4	1.41	75	right	1	21	P300
distractor	1	1.22	76	right	1	21	P300
distractor	3	1.55	77	right	1	21	P300
distractor	1	1.4	78	right	1	21	P300
distractor	5	0.81	79	right	1	21	P300
distractor	1	1	80	right	1	21	P300
distractor	2	1.03	81	right	1	21	P300
distractor	5	0.85	82	right	1	21	P300
distractor	1	0.9	83	right	1	21	P300
distractor	1	0.83	84	right	1	21	P300
target	4	0.74	85	right	1	21	P300
distractor	2	1.3	86	right	1	21	P300
distractor	2	1.26	87	right	1	21	P300
distractor	1	0.7	88	right	1	21	P300
target	4	0.81	89	right	1	21	P300
distractor	2	0.83	90	right	1	21	P300
distractor	2	1.38	91	right	1	21	P300
distractor	3	1	92	right	1	21	P300
target	4	0.97	93	right	1	21	P300
distractor	2	0.83	94	right	1	21	P300
distractor	5	1.1	95	right	1	21	P300
distractor	3	1.6	96	right	1	21	P300
distractor	1	2.87	97	right	1	21	P300
distractor	3	0.71	98	right	1	21	P300
distractor	2	1.02	99	right	1	21	P300
distractor	5	0.71	100	right	1	21	P300
target	4	1.5	101	right	1	21	P300
distractor	2	1.14	102	right	1	21	P300
distractor	2	0.91	103	right	1	21	P300
distractor	2	0.85	104	right	1	21	P300
distractor	3	0.72	105	right	1	21	P300
target	4	1.68	106	right	1	21	P300
distractor	1	1.74	107	right	1	21	P300
distractor	3	2	108	right	1	21	P300
target	4	1.79	109	right	1	21	P300
distractor	5	1.6	110	right	1	21	P300
target	4	0.71	111	right	1	21	P300
distractor	3	2.41	112	right	1	21	P300
target	4	0.71	113	right	1	21	P300
distractor	5	1.31	114	right	1	21	P300
distractor	5	1.67	115	right	1	21	P300
distractor	5	1.3	116	right	1	21	P300
distractor	5	1.72	117	right	1	21	P300
target	4	1.28	118	right	1	21	P300
distractor	1	0.71	119	right	1	21	P300
target	4	1.72	120	right	1	21	P300
distractor	5	1.3	1	right	2	21	P300
target	1	0.71	2	right	2	21	P300
distractor	5	0.9	3	right	2	21	P300
target	1	1.62	4	right	2	21	P300
distractor	3	0.85	5	right	2	21	P300
distractor	4	1.33	6	right	2	21	P300
distractor	4	0.96	7	right	2	21	P300
distractor	3	1.78	8	right	2	21	P300
distractor	2	1.02	9	right	2	21	P300
distractor	5	1.64	10	right	2	21	P300
distractor	5	1.01	11	right	2	21	P300
distractor	5	2.13	12	right	2	21	P300
distractor	4	0.82	13	right	2	21	P300
target	1	0.83	14	right	2	21	P300
distractor	3	1.5	15	right	2	21	P300
target	1	2.85	16	right	2	21	P300
distractor	3	0.77	17	right	2	21	P300
distractor	3	1.28	18	right	2	21	P300
distractor	3	0.93	19	right	2	21	P300
distractor	4	0.75	20	right	2	21	P300
target	1	1.28	21	right	2	21	P300
distractor	2	1.5	22	right	2	21	P300
target	1	2.76	23	right	2	21	P300
distractor	2	1.3	24	right	2	21	P300
distractor	3	0.92	25	right	2	21	P300
distractor	3	0.73	26	right	2	21	P300
distractor	5	0.79	27	right	2	21	P300
distractor	4	1.34	28	right	2	21	P300
distractor	4	1.06	29	right	2	21	P300
distractor	2	1.64	30	right	2	21	P300
distractor	5	2.26	31	right	2	21	P300
distractor	4	1.78	32	right	2	21	P300
distractor	5	1.2	33	right	2	21	P300
distractor	5	0.79	34	right	2	21	P300
distractor	4	1.31	35	right	2	21	P300
target	1	0.96	36	right	2	21	P300
distractor	3	1.34	37	right	2	21	P300
distractor	2	0.97	38	right	2	21	P300
distractor	5	1.02	39	right	2	21	P300
target	1	1.11	40	right	2	21	P300
distractor	5	0.83	41	right	2	21	P300
distractor	3	1.63	42	right	2	21	P300
distractor	5	1.74	43	right	2	21	P300
distractor	3	1.07	44	right	2	21	P300
distractor	4	1.05	45	right	2	21	P300
target	1	1.09	46	right	2	21	P300
distractor	4	1.28	47	right	2	21	P300
distractor	2	0.89	48	right	2	21	P300
target	1	0.76	49	right	2	21	P300
distractor	2	0.74	50	right	2	21	P300
target	1	1.19	51	right	2	21	P300
distractor	2	0.94	52	right	2	21	P300
distractor	3	1.12	53	right	2	21	P300
distractor	4	1.37	54	right	2	21	P300
distractor	4	1.16	55	right	2	21	P300
distractor	4	0.81	56	right	2	21	P300
distractor	5	1.58	57	right	2	21	P300
distractor	2	1.7	58	right	2	21	P300
distractor	5	0.79	59	right	2	21	P300
distractor	2	0.81	60	right	2	21	P300
distractor	2	0.81	61	right	2	21	P300
distractor	3	0.98	62	right	2	21	P300
distractor	5	2.2	63	right	2	21	P300
distractor	5	1.1	64	right	2	21	P300
distractor	5	0.84	65	right	2	21	P300
target	1	1.42	66	right	2	21	P300
distractor	2	1.36	67	right	2	21	P300
distractor	3	0.92	68	right	2	21	P300
distractor	3	0.89	69	right	2	21	P300
target	1	1.09	70	right	2	21	P300
distractor	2	1.18	71	right	2	21	P300
target	1	1.42	72	right	2	21	P300
distractor	3	0.74	73	right	2	21	P300
distractor	2	0.72	74	right	2	21	P300
target	1	1.36	75	right	2	21	P300
distractor	2	0.85	76	right	2	21	P300
distractor	2	0.74	77	right	2	21	P300
distractor	4	0.81	78	right	2	21	P300
distractor	5	1.38	79	right	2	21	P300
target	1	2.98	80	right	2	21	P300
distractor	5	0.74	81	right	2	21	P300
target	1	1.78	82	right	2	21	P300
distractor	3	1.17	83	right	2	21	P300
target	1	0.88	84	right	2	21	P300
distractor	2	0.98	85	right	2	21	P300
distractor	2	0.99	86	right	2	21	P300
distractor	4	0.9	87	right	2	21	P300
distractor	4	0.84	88	right	2	21	P300
target	1	1.13	89	right	2	21	P300
distractor	2	0.89	90	right	2	21	P300
distractor	3	0.87	91	right	2	21	P300
distractor	2	0.79	92	right	2	21	P300
distractor	4	2.12	93	right	2	21	P300
distractor	2	0.94	94	right	2	21	P300
distractor	4	0.93	95	right	2	21	P300
target	1	0.94	96	right	2	21	P300
distractor	3	1.12	97	right	2	21	P300
distractor	4	0.78	98	right	2	21	P300
distractor	2	0.74	99	right	2	21	P300
distractor	3	1.44	100	right	2	21	P300
distractor	3	1.46	101	right	2	21	P300
distractor	4	0.79	102	right	2	21	P300
target	1	1.27	103	right	2	21	P300
distractor	3	0.88	104	right	2	21	P300
target	1	0.82	105	right	2	21	P300
distractor	4	1.28	106	right	2	21	P300
target	1	2.27	107	right	2	21	P300
distractor	4	1.72	108	right	2	21	P300
distractor	5	0.81	109	right	2	21	P300
distractor	2	1.02	110	right	2	21	P300
target	1	0.79	111	right	2	21	P300
distractor	3	1.61	112	right	2	21	P300
distractor	4	0.72	113	right	2	21	P300
distractor	5	1.48	114	right	2	21	P300
distractor	4	1.24	115	right	2	21	P300
distractor	5	1.8	116	right	2	21	P300
distractor	3	1.44	117	right	2	21	P300
distractor	5	0.78	118	right	2	21	P300
distractor	2	1.08	119	right	2	21	P300
distractor	5	1.29	120	right	2	21	P300
distractor	5	0.79	1	left	3	21	P300
target	1	0.7	2	left	3	21	P300
distractor	5	0.75	3	left	3	21	P300
target	1	1.16	4	left	3	21	P300
distractor	3	1.04	5	left	3	21	P300
target	1	2.01	6	left	3	21	P300
distractor	5	0.96	7	left	3	21	P300
distractor	5	1.6	8	left	3	21	P300
target	1	1.09	9	left	3	21	P300
distractor	2	0.71	10	left	3	21	P300
distractor	4	0.73	11	left	3	21	P300
target	1	0.8	12	left	3	21	P300
distractor	5	1.68	13	left	3	21	P300
distractor	2	1	14	left	3	21	P300
target	1	0.74	15	left	3	21	P300
distractor	3	1.06	16	left	3	21	P300
target	1	0.77	17	left	3	21	P300
distractor	3	1.54	18	left	3	21	P300
target	1	0.82	19	left	3	21	P300
distractor	3	0.85	20	left	3	21	P300
distractor	3	1.29	21	left	3	21	P300
distractor	5	0.86	22	left	3	21	P300
distractor	5	1.24	23	left	3	21	P300
distractor	4	3.73	24	left	3	21	P300
distractor	4	0.88	25	left	3	21	P300
distractor	5	0.73	26	left	3	21	P300
distractor	5	0.77	27	left	3	21	P300
distractor	2	0.73	28	left	3	21	P300
target	1	1.11	29	left	3	21	P300
distractor	4	1.96	30	left	3	21	P300
distractor	4	0.8	31	left	3	21	P300
distractor	2	0.71	32	left	3	21	P300
distractor	4	0.88	33	left	3	21	P300
distractor	3	0.91	34	left	3	21	P300
distractor	3	0.75	35	left	3	21	P300
distractor	5	1.08	36	left	3	21	P300
distractor	5	0.7	37	left	3	21	P300
distractor	2	2.09	38	left	3	21	P300
target	1	1.67	39	left	3	21	P300
distractor	3	0.85	40	left	3	21	P300
distractor	5	0.73	41	left	3	21	P300
distractor	5	0.87	42	left	3	21	P300
distractor	3	1.03	43	left	3	21	P300
distractor	2	0.76	44	left	3	21	P300
target	1	0.7	45	left	3	21	P300
distractor	5	0.79	46	left	3	21	P300
distractor	4	0.96	47	left	3	21	P300
distractor	5	1.09	48	left	3	21	P300
distractor	2	0.93	49	left	3	21	P300
distractor	4	0.81	50	left	3	21	P300
distractor	5	2.42	51	left	3	21	P300
distractor	2	1.19	52	left	3	21	P300
distractor	5	1.84	53	left	3	21	P300
distractor	4	2.91	54	left	3	21	P300
distractor	4	0.93	55	left	3	21	P300
distractor	5	1.47	56	left	3	21	P300
distractor	2	0.81	57	left	3	21	P300
distractor	5	0.73	58	left	3	21	P300
distractor	5	0.74	59	left	3	21	P300
distractor	4	1.06	60	left	3	21	P300
target	1	0.99	61	left	3	21	P300
distractor	2	0.77	62	left	3	21	P300
distractor	3	0.94	63	left	3	21	P300
target	1	1.07	64	left	3	21	P300
distractor	2	0.77	65	left	3	21	P300
target	1	0.77	66	left	3	21	P300
distractor	2	1.13	67	left	3	21	P300
distractor	3	0.72	68	left	3	21	P300
distractor	4	1.38	69	left	3	21	P300
distractor	3	0.82	70	left	3	21	P300
target	1	0.8	71	left	3	21	P300
distractor	2	0.7	72	left	3	21	P300
distractor	5	0.81	73	left	3	21	P300
distractor	3	0.7	74	left	3	21	P300
distractor	4	0.84	75	left	3	21	P300
distractor	2	0.9	76	left	3	21	P300
distractor	2	1.85	77	left	3	21	P300
distractor	5	0.88	78	left	3	21	P300
distractor	3	0.71	79	left	3	21	P300
distractor	3	2.96	80	left	3	21	P300
distractor	2	0.99	81	left	3	21	P300
distractor	2	1.06	82	left	3	21	P300
distractor	4	0.92	83	left	3	21	P300
distractor	4	1.09	84	left	3	21	P300
distractor	2	1.22	85	left	3	21	P300
target	1	1.13	86	left	3	21	P300
distractor	3	1.7	87	left	3	21	P300
distractor	4	0.98	88	left	3	21	P300
distractor	3	0.74	89	left	3	21	P300
distractor	2	0.83	90	left	3	21	P300
distractor	2	1.83	91	left	3	21	P300
distractor	3	0.92	92	left	3	21	P300
target	1	0.75	93	left	3	21	P300
distractor	4	1.68	94	left	3	21	P300
distractor	4	1.07	95	left	3	21	P300
distractor	4	0.92	96	left	3	21	P300
distractor	4	0.73	97	left	3	21	P300
distractor	3	0.88	98	left	3	21	P300
distractor	5	1.06	99	left	3	21	P300
distractor	4	1.49	100	left	3	21	P300
distractor	5	1.72	101	left	3	21	P300
target	1	1.53	102	left	3	21	P300
distractor	3	0.97	103	left	3	21	P300
distractor	4	1.05	104	left	3	21	P300
distractor	2	0.72	105	left	3	21	P300
target	1	0.87	106	left	3	21	P300
distractor	3	0.9	107	left	3	21	P300
distractor	4	1.28	108	left	3	21	P300
target	1	0.95	109	left	3	21	P300
distractor	2	0.97	110	left	3	21	P300
distractor	3	1	111	left	3	21	P300
distractor	3	0.81	112	left	3	21	P300
distractor	4	1.28	113	left	3	21	P300
target	1	0.87	114	left	3	21	P300
distractor	3	1.88	115	left	3	21	P300
target	1	0.8	116	left	3	21	P300
distractor	2	0.97	117	left	3	21	P300
target	1	0.81	118	left	3	21	P300
distractor	2	0.81	119	left	3	21	P300
target	1	0.96	120	left	3	21	P300
distractor	2	1.02	1	left	4	21	P300
distractor	3	1.81	2	left	4	21	P300
target	5	0.81	3	left	4	21	P300
distractor	2	0.96	4	left	4	21	P300
target	5	0.94	5	left	4	21	P300
distractor	1	1.65	6	left	4	21	P300
target	5	0.87	7	left	4	21	P300
distractor	1	1.34	8	left	4	21	P300
distractor	2	1.22	9	left	4	21	P300
distractor	4	0.79	10	left	4	21	P300
distractor	3	0.7	11	left	4	21	P300
distractor	3	0.91	12	left	4	21	P300
target	5	0.84	13	left	4	21	P300
distractor	3	0.83	14	left	4	21	P300
target	5	0.7	15	left	4	21	P300
distractor	1	0.77	16	left	4	21	P300
distractor	3	1.25	17	left	4	21	P300
distractor	4	1.66	18	left	4	21	P300
distractor	2	1.61	19	left	4	21	P300
distractor	2	0.86	20	left	4	21	P300
distractor	4	0.87	21	left	4	21	P300
distractor	3	2.56	22	left	4	21	P300
distractor	4	1.67	23	left	4	21	P300
distractor	3	0.78	24	left	4	21	P300
target	5	0.8	25	left	4	21	P300
distractor	3	1.06	26	left	4	21	P300
distractor	4	0.7	27	left	4	21	P300
distractor	4	0.87	28	left	4	21	P300
distractor	1	0.96	29	left	4	21	P300
target	5	1.43	30	left	4	21	P300
distractor	4	1.38	31	left	4	21	P300
target	5	0.7	32	left	4	21	P300
distractor	2	1.14	33	left	4	21	P300
target	5	0.94	34	left	4	21	P300
distractor	2	1.03	35	left	4	21	P300
distractor	1	0.89	36	left	4	21	P300
distractor	4	0.7	37	left	4	21	P300
distractor	2	1.15	38	left	4	21	P300
distractor	1	1.8	39	left	4	21	P300
distractor	3	1.81	40	left	4	21	P300
target	5	0.96	41	left	4	21	P300
distractor	4	1.16	42	left	4	21	P300
target	5	1.26	43	left	4	21	P300
distractor	1	1.01	44	left	4	21	P300
distractor	4	0.73	45	left	4	21	P300
target	5	1.71	46	left	4	21	P300
distractor	4	1.22	47	left	4	21	P300
distractor	3	1.33	48	left	4	21	P300
target	5	0.77	49	left	4	21	P300
distractor	4	0.88	50	left	4	21	P300
target	5	0.82	51	left	4	21	P300
distractor	4	0.86	52	left	4	21	P300
target	5	0.7	53	left	4	21	P300
distractor	1	1.09	54	left	4	21	P300
distractor	1	1.44	55	left	4	21	P300
distractor	1	0.74	56	left	4	21	P300
target	5	2.05	57	left	4	21	P300
distractor	3	0.91	58	left	4	21	P300
target	5	1.06	59	left	4	21	P300
distractor	3	1.08	60	left	4	21	P300
distractor	4	1.38	61	left	4	21	P300
distractor	3	1.64	62	left	4	21	P300
target	5	0.73	63	left	4	21	P300
distractor	2	1.46	64	left	4	21	P300
target	5	0.92	65	left	4	21	P300
distractor	4	2.11	66	left	4	21	P300
distractor	2	0.93	67	left	4	21	P300
distractor	2	1.25	68	left	4	21	P300
distractor	4	0.8	69	left	4	21	P300
distractor	2	0.95	70	left	4	21	P300
target	5	1.09	71	left	4	21	P300
distractor	1	0.8	72	left	4	21	P300
distractor	1	1.23	73	left	4	21	P300
distractor	1	1.26	74	left	4	21	P300
distractor	3	0.84	75	left	4	21	P300
distractor	4	1.26	76	left	4	21	P300
distractor	2	1.05	77	left	4	21	P300
distractor	3	1.2	78	left	4	21	P300
distractor	1	1.04	79	left	4	21	P300
distractor	2	0.7	80	left	4	21	P300
distractor	3	1.66	81	left	4	21	P300
distractor	4	1.48	82	left	4	21	P300
distractor	1	0.83	83	left	4	21	P300
distractor	1	0.8	84	left	4	21	P300
target	5	0.75	85	left	4	21	P300
distractor	2	1.37	86	left	4	21	P300
target	5	1.54	87	left	4	21	P300
distractor	2	1.48	88	left	4	21	P300
distractor	1	1.11	89	left	4	21	P300
distractor	2	0.89	90	left	4	21	P300
distractor	1	2.4	91	left	4	21	P300
target	5	1.19	92	left	4	21	P300
distractor	2	0.96	93	left	4	21	P300
distractor	2	1.14	94	left	4	21	P300
distractor	2	1.46	95	left	4	21	P300
distractor	1	1.16	96	left	4	21	P300
distractor	4	1.55	97	left	4	21	P300
distractor	2	0.76	98	left	4	21	P300
distractor	4	0.81	99	left	4	21	P300
distractor	3	0.7	100	left	4	21	P300
distractor	2	2.47	101	left	4	21	P300
distractor	3	1.09	102	left	4	21	P300
distractor	3	0.82	103	left	4	21	P300
distractor	3	0.76	104	left	4	21	P300
distractor	1	1.41	105	left	4	21	P300
distractor	4	1.07	106	left	4	21	P300
distractor	4	0.7	107	left	4	21	P300
distractor	3	0.77	108	left	4	21	P300
distractor	1	1.59	109	left	4	21	P300
distractor	3	1.06	110	left	4	21	P300
distractor	1	0.91	111	left	4	21	P300
distractor	4	2.24	112	left	4	21	P300
distractor	1	1.23	113	left	4	21	P300
distractor	4	1.44	114	left	4	21	P300
distractor	2	1.15	115	left	4	21	P300
distractor	3	1.11	116	left	4	21	P300
distractor	3	0.7	117	left	4	21	P300
distractor	2	1.28	118	left	4	21	P300
target	5	1.41	119	left	4	21	P300
distractor	1	1.4	120	left	4	21	P300
distractor	3	0.79	1	right	5	21	P300
distractor	1	0.78	2	right	5	21	P300
distractor	1	0.98	3	right	5	21	P300
target	2	1.67	4	right	5	21	P300
distractor	1	1.08	5	right	5	21	P300
distractor	3	0.74	6	right	5	21	P300
distractor	4	0.87	7	right	5	21	P300
distractor	5	2.29	8	right	5	21	P300
distractor	4	0.83	9	right	5	21	P300
distractor	5	1.69	10	right	5	21	P300
distractor	1	1.25	11	right	5	21	P300
distractor	5	0.7	12	right	5	21	P300
target	2	0.73	13	right	5	21	P300
distractor	5	1.37	14	right	5	21	P300
target	2	1.4	15	right	5	21	P300
distractor	3	1.5	16	right	5	21	P300
target	2	1.08	17	right	5	21	P300
distractor	3	1	18	right	5	21	P300
distractor	5	1.8	19	right	5	21	P300
target	2	1.07	20	right	5	21	P300
distractor	5	0.92	21	right	5	21	P300
distractor	4	0.7	22	right	5	21	P300
distractor	4	1.05	23	right	5	21	P300
distractor	1	0.79	24	right	5	21	P300
distractor	5	0.99	25	right	5	21	P300
distractor	5	0.99	26	right	5	21	P300
distractor	5	0.82	27	right	5	21	P300
distractor	3	0.82	28	right	5	21	P300
distractor	4	0.85	29	right	5	21	P300
target	2	1.18	30	right	5	21	P300
distractor	5	0.94	31	right	5	21	P300
target	2	2.54	32	right	5	21	P300
distractor	5	1.24	33	right	5	21	P300
distractor	1	1.53	34	right	5	21	P300
distractor	4	1.62	35	right	5	21	P300
target	2	1.33	36	right	5	21	P300
distractor	3	0.92	37	right	5	21	P300
distractor	4	1.11	38	right	5	21	P300
distractor	3	0.99	39	right	5	21	P300
distractor	1	0.81	40	right	5	21	P300
distractor	4	1.8	41	right	5	21	P300
distractor	1	1.02	42	right	5	21	P300
distractor	1	0.71	43	right	5	21	P300
distractor	1	1.44	44	right	5	21	P300
target	2	1.65	45	right	5	21	P300
distractor	3	0.98	46	right	5	21	P300
distractor	3	1.52	47	right	5	21	P300
distractor	5	0.71	48	right	5	21	P300
distractor	4	0.95	49	right	5	21	P300
distractor	4	0.88	50	right	5	21	P300
distractor	5	0.79	51	right	5	21	P300
distractor	1	1.49	52	right	5	21	P300
distractor	3	0.81	53	right	5	21	P300
target	2	1.5	54	right	5	21	P300
distractor	1	1.48	55	right	5	21	P300
distractor	4	0.83	56	right	5	21	P300
distractor	4	0.88	57	right	5	21	P300
target	2	1.76	58	right	5	21	P300
distractor	4	0.92	59	right	5	21	P300
target	2	1.35	60	right	5	21	P300
distractor	4	0.75	61	right	5	21	P300
target	2	0.77	62	right	5	21	P300
distractor	1	1.01	63	right	5	21	P300
target	2	0.92	64	right	5	21	P300
distractor	3	1.28	65	right	5	21	P300
target	2	1.12	66	right	5	21	P300
distractor	5	0.7	67	right	5	21	P300
target	2	1.19	68	right	5	21	P300
distractor	4	0.78	69	right	5	21	P300
target	2	1.27	70	right	5	21	P300
distractor	1	0.79	71	right	5	21	P300
distractor	4	1.83	72	right	5	21	P300
distractor	5	1.06	73	right	5	21	P300
distractor	1	1.66	74	right	5	21	P300
distractor	5	0.82	75	right	5	21	P300
distractor	4	0.84	76	right	5	21	P300
distractor	1	0.76	77	right	5	21	P300
target	2	1.19	78	right	5	21	P300
distractor	5	0.85	79	right	5	21	P300
target	2	1.34	80	right	5	21	P300
distractor	1	1.33	81	right	5	21	P300
distractor	3	1.18	82	right	5	21	P300
distractor	5	1.35	83	right	5	21	P300
distractor	3	0.77	84	right	5	21	P300
distractor	1	0.98	85	right	5	21	P300
distractor	5	1.19	86	right	5	21	P300
distractor	4	1.41	87	right	5	21	P300
target	2	0.81	88	right	5	21	P300
distractor	4	0.81	89	right	5	21	P300
distractor	5	1.11	90	right	5	21	P300
distractor	1	0.93	91	right	5	21	P300
distractor	3	3.73	92	right	5	21	P300
distractor	4	0.7	93	right	5	21	P300
distractor	5	0.77	94	right	5	21	P300
distractor	4	1.49	95	right	5	21	P300
distractor	3	1.21	96	right	5	21	P300
distractor	1	0.9	97	right	5	21	P300
distractor	3	0.92	98	right	5	21	P300
distractor	3	1.04	99	right	5	21	P300
distractor	1	0.72	100	right	5	21	P300
target	2	2.12	101	right	5	21	P300
distractor	5	1.03	102	right	5	21	P300
target	2	1.19	103	right	5	21	P300
distractor	1	0.9	104	right	5	21	P300
distractor	4	0.7	105	right	5	21	P300
target	2	0.78	106	right	5	21	P300
distractor	3	1.05	107	right	5	21	P300
distractor	4	1.22	108	right	5	21	P300
distractor	1	1.49	109	right	5	21	P300
distractor	3	0.7	110	right	5	21	P300
distractor	3	0.84	111	right	5	21	P300
distractor	3	2.57	112	right	5	21	P300
distractor	5	0.77	113	right	5	21	P300
distractor	3	0.8	114	right	5	21	P300
distractor	3	1.15	115	right	5	21	P300
distractor	4	2.1	116	right	5	21	P300
target	2	0.73	117	right	5	21	P300
distractor	1	1.12	118	right	5	21	P300
distractor	3	0.73	119	right	5	21	P300
distractor	5	1.69	120	right	5	21	P300
distractor	3	1.19	1	right	6	21	P300
distractor	3	1.19	2	right	6	21	P300
distractor	1	1.31	3	right	6	21	P300
distractor	4	1.03	4	right	6	21	P300
distractor	5	1.08	5	right	6	21	P300
distractor	1	0.78	6	right	6	21	P300
target	2	1.12	7	right	6	21	P300
distractor	4	1.1	8	right	6	21	P300
distractor	1	0.7	9	right	6	21	P300
target	2	0.7	10	right	6	21	P300
distractor	4	1.25	11	right	6	21	P300
distractor	3	1.21	12	right	6	21	P300
distractor	3	1.02	13	right	6	21	P300
distractor	1	0.82	14	right	6	21	P300
distractor	4	0.75	15	right	6	21	P300
target	2	1.34	16	right	6	21	P300
distractor	5	0.9	17	right	6	21	P300
distractor	5	0.8	18	right	6	21	P300
distractor	3	0.97	19	right	6	21	P300
target	2	1.27	20	right	6	21	P300
distractor	5	1.7	21	right	6	21	P300
target	2	1	22	right	6	21	P300
distractor	4	0.83	23	right	6	21	P300
target	2	0.95	24	right	6	21	P300
distractor	3	1.09	25	right	6	21	P300
target	2	1.19	26	right	6	21	P300
distractor	4	1.27	27	right	6	21	P300
target	2	0.91	28	right	6	21	P300
distractor	3	0.73	29	right	6	21	P300
target	2	0.94	30	right	6	21	P300
distractor	4	1.11	31	right	6	21	P300
distractor	3	1.27	32	right	6	21	P300
target	2	0.76	33	right	6	21	P300
distractor	5	0.83	34	right	6	21	P300
distractor	5	1.63	35	right	6	21	P300
distractor	5	0.88	36	right	6	21	P300
distractor	5	1.1	37	right	6	21	P300
distractor	5	0.76	38	right	6	21	P300
distractor	1	0.71	39	right	6	21	P300
distractor	1	0.81	40	right	6	21	P300
target	2	1.24	41	right	6	21	P300
distractor	1	1.49	42	right	6	21	P300
distractor	3	0.81	43	right	6	21	P300
distractor	1	1.01	44	right	6	21	P300
distractor	1	1.28	45	right	6	21	P300
distractor	1	1.11	46	right	6	21	P300
target	2	0.99	47	right	6	21	P300
distractor	3	1.62	48	right	6	21	P300
distractor	5	0.79	49	right	6	21	P300
distractor	5	0.81	50	right	6	21	P300
distractor	1	0.76	51	right	6	21	P300
distractor	1	0.92	52	right	6	21	P300
distractor	4	0.95	53	right	6	21	P300
distractor	5	0.96	54	right	6	21	P300
distractor	5	1	55	right	6	21	P300
distractor	5	0.74	56	right	6	21	P300
distractor	4	1.15	57	right	6	21	P300
distractor	1	1.06	58	right	6	21	P300
distractor	1	0.75	59	right	6	21	P300
distractor	5	0.74	60	right	6	21	P300
distractor	4	1.35	61	right	6	21	P300
distractor	1	1.39	62	right	6	21	P300
distractor	5	0.97	63	right	6	21	P300
distractor	3	1.17	64	right	6	21	P300
distractor	4	1.08	65	right	6	21	P300
distractor	1	1.12	66	right	6	21	P300
target	2	0.79	67	right	6	21	P300
distractor	4	0.72	68	right	6	21	P300
distractor	5	2.07	69	right	6	21	P300
distractor	4	0.93	70	right	6	21	P300
distractor	1	0.94	71	right	6	21	P300
distractor	4	2.71	72	right	6	21	P300
distractor	1	1.27	73	right	6	21	P300
distractor	1	0.71	74	right	6	21	P300
distractor	4	1.07	75	right	6	21	P300
distractor	4	1.68	76	right	6	21	P300
distractor	3	1.19	77	right	6	21	P300
distractor	5	1.74	78	right	6	21	P300
distractor	4	0.73	79	right	6	21	P300
target	2	1	80	right	6	21	P300
distractor	1	1.15	81	right	6	21	P300
distractor	4	1.38	82	right	6	21	P300
distractor	5	0.8	83	right	6	21	P300
distractor	4	1.25	84	right	6	21	P300
target	2	1.27	85	right	6	21	P300
distractor	5	1.31	86	right	6	21	P300
distractor	4	1.02	87	right	6	21	P300
target	2	1.15	88	right	6	21	P300
distractor	5	1.2	89	right	6	21	P300
distractor	3	0.81	90	right	6	21	P300
distractor	3	1.1	91	right	6	21	P300
distractor	3	0.82	92	right	6	21	P300
distractor	3	1.04	93	right	6	21	P300
target	2	1.23	94	right	6	21	P300
distractor	3	1.17	95	right	6	21	P300
distractor	3	0.8	96	right	6	21	P300
distractor	1	0.83	97	right	6	21	P300
distractor	3	0.77	98	right	6	21	P300
distractor	1	0.84	99	right	6	21	P300
distractor	3	0.7	100	right	6	21	P300
target	2	0.96	101	right	6	21	P300
distractor	5	0.81	102	right	6	21	P300
target	2	1.59	103	right	6	21	P300
distractor	5	1.97	104	right	6	21	P300
target	2	1.54	105	right	6	21	P300
distractor	3	1.02	106	right	6	21	P300
target	2	1.1	107	right	6	21	P300
distractor	4	1.41	108	right	6	21	P300
target	2	1.83	109	right	6	21	P300
distractor	3	0.7	110	right	6	21	P300
target	2	1.17	111	right	6	21	P300
distractor	1	0.94	112	right	6	21	P300
distractor	4	0.76	113	right	6	21	P300
distractor	1	0.98	114	right	6	21	P300
distractor	4	1.18	115	right	6	21	P300
distractor	3	1.05	116	right	6	21	P300
distractor	3	1.19	117	right	6	21	P300
distractor	5	0.74	118	right	6	21	P300
target	2	0.78	119	right	6	21	P300
distractor	4	1.03	120	right	6	21	P300
target	4	0.77	1	right	7	21	P300
distractor	3	1.13	2	right	7	21	P300
distractor	1	0.95	3	right	7	21	P300
target	4	0.88	4	right	7	21	P300
distractor	3	0.8	5	right	7	21	P300
distractor	5	0.87	6	right	7	21	P300
distractor	2	0.71	7	right	7	21	P300
target	4	0.91	8	right	7	21	P300
distractor	5	2.75	9	right	7	21	P300
distractor	5	1.31	10	right	7	21	P300
target	4	0.72	11	right	7	21	P300
distractor	2	1.12	12	right	7	21	P300
distractor	1	1.44	13	right	7	21	P300
target	4	2.17	14	right	7	21	P300
distractor	3	0.94	15	right	7	21	P300
distractor	2	1.29	16	right	7	21	P300
distractor	2	1.57	17	right	7	21	P300
distractor	1	1.44	18	right	7	21	P300
distractor	3	1.19	19	right	7	21	P300
distractor	2	0.79	20	right	7	21	P300
target	4	1.01	21	right	7	21	P300
distractor	2	1.47	22	right	7	21	P300
target	4	0.7	23	right	7	21	P300
distractor	5	1.15	24	right	7	21	P300
target	4	1.67	25	right	7	21	P300
distractor	1	1.64	26	right	7	21	P300
distractor	2	1.07	27	right	7	21	P300
distractor	3	0.85	28	right	7	21	P300
distractor	1	1	29	right	7	21	P300
distractor	1	0.94	30	right	7	21	P300
distractor	1	0.74	31	right	7	21	P300
target	4	0.71	32	right	7	21	P300
distractor	3	0.9	33	right	7	21	P300
distractor	2	0.94	34	right	7	21	P300
distractor	5	0.84	35	right	7	21	P300
distractor	2	0.9	36	right	7	21	P300
distractor	1	0.74	37	right	7	21	P300
distractor	5	1.29	38	right	7	21	P300
distractor	3	0.93	39	right	7	21	P300
distractor	2	0.93	40	right	7	21	P300
distractor	2	1.9	41	right	7	21	P300
target	4	0.81	42	right	7	21	P300
distractor	5	1.23	43	right	7	21	P300
distractor	2	0.89	44	right	7	21	P300
distractor	3	1.63	45	right	7	21	P300
target	4	0.85	46	right	7	21	P300
distractor	2	1.06	47	right	7	21	P300
distractor	5	1.57	48	right	7	21	P300
distractor	1	1.66	49	right	7	21	P300
distractor	1	0.82	50	right	7	21	P300
distractor	3	1.26	51	right	7	21	P300
distractor	5	1.29	52	right	7	21	P300
distractor	3	0.73	53	right	7	21	P300
distractor	2	0.8	54	right	7	21	P300
distractor	3	0.91	55	right	7	21	P300
distractor	3	0.85	56	right	7	21	P300
distractor	3	0.76	57	right	7	21	P300
target	4	0.74	58	right	7	21	P300
distractor	2	1.29	59	right	7	21	P300
distractor	1	0.93	60	right	7	21	P300
target	4	0.78	61	right	7	21	P300
distractor	2	1.17	62	right	7	21	P300
distractor	3	1.91	63	right	7	21	P300
distractor	3	1.05	64	right	7	21	P300
distractor	1	1.63	65	right	7	21	P300
distractor	3	1.27	66	right	7	21	P300
distractor	5	1.7	67	right	7	21	P300
distractor	5	1.31	68	right	7	21	P300
distractor	5	0.85	69	right	7	21	P300
target	4	2.82	70	right	7	21	P300
distractor	2	1.2	71	right	7	21	P300
distractor	5	0.82	72	right	7	21	P300
distractor	1	1.8	73	right	7	21	P300
distractor	5	1.22	74	right	7	21	P300
distractor	5	0.74	75	right	7	21	P300
distractor	5	0.76	76	right	7	21	P300
distractor	5	1.42	77	right	7	21	P300
distractor	2	1.23	78	right	7	21	P300
distractor	1	0.93	79	right	7	21	P300
distractor	3	1.03	80	right	7	21	P300
distractor	1	0.96	81	right	7	21	P300
target	4	1.03	82	right	7	21	P300
distractor	5	0.89	83	right	7	21	P300
target	4	1.23	84	right	7	21	P300
distractor	5	1.88	85	right	7	21	P300
distractor	5	0.76	86	right	7	21	P300
distractor	1	1.45	87	right	7	21	P300
distractor	5	1.14	88	right	7	21	P300
distractor	3	0.92	89	right	7	21	P300
target	4	1.35	90	right	7	21	P300
distractor	3	0.73	91	right	7	21	P300
distractor	5	0.7	92	right	7	21	P300
distractor	2	0.94	93	right	7	21	P300
distractor	2	1.3	94	right	7	21	P300
distractor	2	0.84	95	right	7	21	P300
distractor	2	0.74	96	right	7	21	P300
distractor	3	0.85	97	right	7	21	P300
distractor	1	0.78	98	right	7	21	P300
target	4	0.93	99	right	7	21	P300
distractor	3	0.84	100	right	7	21	P300
target	4	0.76	101	right	7	21	P300
distractor	5	0.85	102	right	7	21	P300
target	4	1.1	103	right	7	21	P300
distractor	5	1.77	104	right	7	21	P300
distractor	1	1.08	105	right	7	21	P300
distractor	2	0.96	106	right	7	21	P300
distractor	2	1.39	107	right	7	21	P300
distractor	1	0.77	108	right	7	21	P300
target	4	0.93	109	right	7	21	P300
distractor	1	1.29	110	right	7	21	P300
distractor	3	1.02	111	right	7	21	P300
distractor	3	0.95	112	right	7	21	P300
target	4	1.01	113	right	7	21	P300
distractor	1	1.04	114	right	7	21	P300
distractor	1	1.12	115	right	7	21	P300
target	4	0.88	116	right	7	21	P300
distractor	1	1.93	117	right	7	21	P300
distractor	1	1.15	118	right	7	21	P300
target	4	0.84	119	right	7	21	P300
distractor	3	0.74	120	right	7	21	P300
distractor	1	4.22	1	left	8	21	P300
distractor	4	0.88	2	left	8	21	P300
distractor	2	1.12	3	left	8	21	P300
distractor	1	2.49	4	left	8	21	P300
target	5	1.37	5	left	8	21	P300
distractor	3	0.9	6	left	8	21	P300
target	5	0.91	7	left	8	21	P300
distractor	4	0.73	8	left	8	21	P300
target	5	0.88	9	left	8	21	P300
distractor	4	0.99	10	left	8	21	P300
distractor	2	1.25	11	left	8	21	P300
distractor	3	1	12	left	8	21	P300
distractor	4	0.88	13	left	8	21	P300
distractor	4	1.7	14	left	8	21	P300
target	5	0.94	15	left	8	21	P300
distractor	4	0.94	16	left	8	21	P300
target	5	0.82	17	left	8	21	P300
distractor	2	1.29	18	left	8	21	P300
distractor	3	0.83	19	left	8	21	P300
distractor	2	0.9	20	left	8	21	P300
target	5	0.71	21	left	8	21	P300
distractor	4	0.88	22	left	8	21	P300
distractor	3	0.91	23	left	8	21	P300
distractor	4	1.63	24	left	8	21	P300
distractor	2	0.82	25	left	8	21	P300
target	5	1.36	26	left	8	21	P300
distractor	1	1.08	27	left	8	21	P300
distractor	4	1.08	28	left	8	21	P300
distractor	3	0.97	29	left	8	21	P300
distractor	1	0.72	30	left	8	21	P300
distractor	2	0.7	31	left	8	21	P300
distractor	3	0.83	32	left	8	21	P300
distractor	4	1.07	33	left	8	21	P300
distractor	1	1.33	34	left	8	21	P300
target	5	1.07	35	left	8	21	P300
distractor	3	1.61	36	left	8	21	P300
distractor	4	1.01	37	left	8	21	P300
distractor	4	0.75	38	left	8	21	P300
distractor	3	1.07	39	left	8	21	P300
target	5	1.03	40	left	8	21	P300
distractor	1	1.07	41	left	8	21	P300
distractor	2	1.3	42	left	8	21	P300
distractor	1	1.28	43	left	8	21	P300
distractor	3	1.29	44	left	8	21	P300
distractor	3	1.09	45	left	8	21	P300
distractor	4	1.34	46	left	8	21	P300
target	5	1	47	left	8	21	P300
distractor	2	1.26	48	left	8	21	P300
distractor	2	1.41	49	left	8	21	P300
distractor	2	1.34	50	left	8	21	P300
target	5	1.44	51	left	8	21	P300
distractor	2	0.76	52	left	8	21	P300
distractor	1	1.62	53	left	8	21	P300
distractor	3	1.19	54	left	8	21	P300
target	5	1.34	55	left	8	21	P300
distractor	2	0.75	56	left	8	21	P300
distractor	4	0.75	57	left	8	21	P300
target	5	0.88	58	left	8	21	P300
distractor	4	0.94	59	left	8	21	P300
target	5	1.21	60	left	8	21	P300
distractor	4	1.19	61	left	8	21	P300
distractor	1	0.7	62	left	8	21	P300
distractor	3	0.87	63	left	8	21	P300
distractor	2	1.46	64	left	8	21	P300
distractor	1	0.72	65	left	8	21	P300
distractor	3	0.99	66	left	8	21	P300
target	5	0.77	67	left	8	21	P300
distractor	1	0.74	68	left	8	21	P300
distractor	4	0.84	69	left	8	21	P300
target	5	0.76	70	left	8	21	P300
distractor	1	0.81	71	left	8	21	P300
distractor	4	1.03	72	left	8	21	P300
distractor	3	0.79	73	left	8	21	P300
distractor	2	1.49	74	left	8	21	P300
distractor	2	0.87	75	left	8	21	P300
distractor	2	0.88	76	left	8	21	P300
distractor	1	1.03	77	left	8	21	P300
distractor	2	0.75	78	left	8	21	P300
distractor	4	0.81	79	left	8	21	P300
target	5	1.62	80	left	8	21	P300
distractor	1	1.62	81	left	8	21	P300
target	5	2.47	82	left	8	21	P300
distractor	1	2.28	83	left	8	21	P300
distractor	4	1.25	84	left	8	21	P300
distractor	3	1.48	85	left	8	21	P300
distractor	1	0.75	86	left	8	21	P300
distractor	3	0.9	87	left	8	21	P300
target	5	0.82	88	left	8	21	P300
distractor	3	0.85	89	left	8	21	P300
distractor	3	1.37	90	left	8	21	P300
distractor	1	0.83	91	left	8	21	P300
distractor	2	0.85	92	left	8	21	P300
target	5	1.02	93	left	8	21	P300
distractor	1	1.15	94	left	8	21	P300
distractor	1	1.33	95	left	8	21	P300
distractor	2	0.81	96	left	8	21	P300
distractor	3	1.04	97	left	8	21	P300
target	5	0.79	98	left	8	21	P300
distractor	2	0.98	99	left	8	21	P300
target	5	0.95	100	left	8	21	P300
distractor	1	0.86	101	left	8	21	P300
distractor	2	0.98	102	left	8	21	P300
distractor	1	1.08	103	left	8	21	P300
distractor	1	1.44	104	left	8	21	P300
distractor	2	0.72	105	left	8	21	P300
distractor	4	0.96	106	left	8	21	P300
distractor	3	0.81	107	left	8	21	P300
distractor	3	0.74	108	left	8	21	P300
distractor	2	1.88	109	left	8	21	P300
distractor	4	0.94	110	left	8	21	P300
distractor	1	0.72	111	left	8	21	P300
distractor	3	0.84	112	left	8	21	P300
distractor	4	0.82	113	left	8	21	P300
distractor	4	2.38	114	left	8	21	P300
distractor	2	1	115	left	8	21	P300
target	5	2.02	116	left	8	21	P300
distractor	3	0.86	117	left	8	21	P300
target	5	0.92	118	left	8	21	P300
distractor	3	1.1	119	left	8	21	P300
distractor	1	0.92	120	left	8	21	P300
distractor	1	0.87	1	left	9	21	P300
distractor	1	0.93	2	left	9	21	P300
distractor	5	1.71	3	left	9	21	P300
distractor	2	0.73	4	left	9	21	P300
distractor	4	0.96	5	left	9	21	P300
target	3	2.04	6	left	9	21	P300
distractor	4	0.77	7	left	9	21	P300
target	3	1.77	8	left	9	21	P300
distractor	5	1.57	9	left	9	21	P300
distractor	4	1.07	10	left	9	21	P300
distractor	2	0.7	11	left	9	21	P300
distractor	2	2.51	12	left	9	21	P300
distractor	1	0.75	13	left	9	21	P300
target	3	0.71	14	left	9	21	P300
distractor	4	1.59	15	left	9	21	P300
distractor	2	0.7	16	left	9	21	P300
target	3	0.8	17	left	9	21	P300
distractor	5	0.75	18	left	9	21	P300
distractor	5	1.65	19	left	9	21	P300
distractor	4	1.43	20	left	9	21	P300
distractor	4	0.71	21	left	9	21	P300
distractor	1	0.75	22	left	9	21	P300
target	3	1.62	23	left	9	21	P300
distractor	1	0.98	24	left	9	21	P300
target	3	0.89	25	left	9	21	P300
distractor	2	0.77	26	left	9	21	P300
distractor	1	1.53	27	left	9	21	P300
target	3	0.97	28	left	9	21	P300
distractor	2	0.98	29	left	9	21	P300
distractor	2	0.88	30	left	9	21	P300
target	3	2.22	31	left	9	21	P300
distractor	2	0.81	32	left	9	21	P300
distractor	1	1.31	33	left	9	21	P300
distractor	5	0.74	34	left	9	21	P300
distractor	5	1.28	35	left	9	21	P300
distractor	2	0.77	36	left	9	21	P300
distractor	4	0.76	37	left	9	21	P300
distractor	4	0.88	38	left	9	21	P300
target	3	1.45	39	left	9	21	P300
distractor	5	1.2	40	left	9	21	P300
distractor	4	0.72	41	left	9	21	P300
distractor	2	1.27	42	left	9	21	P300
distractor	5	0.87	43	left	9	21	P300
target	3	0.85	44	left	9	21	P300
distractor	4	0.76	45	left	9	21	P300
distractor	5	0.75	46	left	9	21	P300
distractor	4	2.15	47	left	9	21	P300
distractor	4	0.74	48	left	9	21	P300
distractor	4	1.43	49	left	9	21	P300
distractor	2	3.3	50	left	9	21	P300
distractor	5	0.85	51	left	9	21	P300
distractor	4	2.21	52	left	9	21	P300
target	3	0.82	53	left	9	21	P300
distractor	5	2.39	54	left	9	21	P300
target	3	0.92	55	left	9	21	P300
distractor	2	0.77	56	left	9	21	P300
distractor	4	2.47	57	left	9	21	P300
target	3	0.72	58	left	9	21	P300
distractor	1	0.76	59	left	9	21	P300
distractor	2	0.92	60	left	9	21	P300
target	3	1.71	61	left	9	21	P300
distractor	1	1.69	62	left	9	21	P300
distractor	5	0.77	63	left	9	21	P300
distractor	1	0.88	64	left	9	21	P300
distractor	5	1.42	65	left	9	21	P300
target	3	1.44	66	left	9	21	P300
distractor	2	0.76	67	left	9	21	P300
distractor	1	1.34	68	left	9	21	P300
distractor	5	0.94	69	left	9	21	P300
distractor	4	2.37	70	left	9	21	P300
distractor	5	1.39	71	left	9	21	P300
distractor	2	0.84	72	left	9	21	P300
distractor	4	0.81	73	left	9	21	P300
distractor	2	0.7	74	left	9	21	P300
target	3	1.2	75	left	9	21	P300
distractor	4	1.88	76	left	9	21	P300
distractor	5	0.75	77	left	9	21	P300
distractor	5	0.89	78	left	9	21	P300
distractor	1	0.9	79	left	9	21	P300
distractor	2	0.75	80	left	9	21	P300
distractor	1	1.71	81	left	9	21	P300
distractor	1	0.93	82	left	9	21	P300
distractor	1	1.62	83	left	9	21	P300
distractor	4	0.98	84	left	9	21	P300
distractor	5	1.37	85	left	9	21	P300
target	3	1.54	86	left	9	21	P300
distractor	2	0.86	87	left	9	21	P300
distractor	5	0.77	88	left	9	21	P300
distractor	2	0.83	89	left	9	21	P300
target	3	2.94	90	left	9	21	P300
distractor	1	0.92	91	left	9	21	P300
distractor	1	0.77	92	left	9	21	P300
distractor	2	1.15	93	left	9	21	P300
distractor	4	0.91	94	left	9	21	P300
target	3	1.64	95	left	9	21	P300
distractor	2	1.07	96	left	9	21	P300
distractor	4	0.84	97	left	9	21	P300
distractor	4	1.14	98	left	9	21	P300
distractor	1	0.83	99	left	9	21	P300
target	3	3.82	100	left	9	21	P300
distractor	2	1.39	101	left	9	21	P300
target	3	1.12	102	left	9	21	P300
distractor	5	0.94	103	left	9	21	P300
distractor	2	1.41	104	left	9	21	P300
distractor	1	0.7	105	left	9	21	P300
distractor	5	0.9	106	left	9	21	P300
distractor	2	1.32	107	left	9	21	P300
distractor	5	1.15	108	left	9	21	P300
distractor	1	0.77	109	left	9	21	P300
distractor	1	0.84	110	left	9	21	P300
distractor	1	0.96	111	left	9	21	P300
target	3	1.21	112	left	9	21	P300
distractor	5	1.07	113	left	9	21	P300
target	3	0.98	114	left	9	21	P300
distractor	4	1.13	115	left	9	21	P300
distractor	1	0.8	116	left	9	21	P300
distractor	1	0.72	117	left	9	21	P300
distractor	5	0.97	118	left	9	21	P300
distractor	4	0.86	119	left	9	21	P300
target	3	1.03	120	left	9	21	P300
distractor	1	1.03	1	left	10	21	P300
distractor	4	1.25	2	left	10	21	P300
distractor	5	0.76	3	left	10	21	P300
target	3	1.61	4	left	10	21	P300
distractor	1	0.85	5	left	10	21	P300
distractor	1	0.87	6	left	10	21	P300
distractor	1	0.88	7	left	10	21	P300
target	3	0.81	8	left	10	21	P300
distractor	1	1.39	9	left	10	21	P300
distractor	1	0.92	10	left	10	21	P300
distractor	1	1.22	11	left	10	21	P300
distractor	1	2.66	12	left	10	21	P300
distractor	2	1.16	13	left	10	21	P300
target	3	0.82	14	left	10	21	P300
distractor	2	0.91	15	left	10	21	P300
distractor	5	0.84	16	left	10	21	P300
distractor	2	0.94	17	left	10	21	P300
distractor	4	1.32	18	left	10	21	P300
distractor	2	0.72	19	left	10	21	P300
distractor	4	1.74	20	left	10	21	P300
distractor	4	0.76	21	left	10	21	P300
target	3	1.02	22	left	10	21	P300
distractor	4	1.05	23	left	10	21	P300
distractor	4	1.49	24	left	10	21	P300
target	3	0.7	25	left	10	21	P300
distractor	5	0.76	26	left	10	21	P300
distractor	4	1.61	27	left	10	21	P300
distractor	2	1.65	28	left	10	21	P300
distractor	5	1.16	29	left	10	21	P300
target	3	0.97	30	left	10	21	P300
distractor	4	1.96	31	left	10	21	P300
distractor	2	0.94	32	left	10	21	P300
distractor	2	1.21	33	left	10	21	P300
distractor	2	0.94	34	left	10	21	P300
distractor	5	0.88	35	left	10	21	P300
distractor	4	0.85	36	left	10	21	P300
distractor	5	0.74	37	left	10	21	P300
distractor	2	1.61	38	left	10	21	P300
target	3	1.39	39	left	10	21	P300
distractor	4	1.14	40	left	10	21	P300
target	3	1.49	41	left	10	21	P300
distractor	5	1.37	42	left	10	21	P300
target	3	1.56	43	left	10	21	P300
distractor	1	0.81	44	left	10	21	P300
target	3	0.81	45	left	10	21	P300
distractor	1	0.87	46	left	10	21	P300
distractor	5	1.18	47	left	10	21	P300
distractor	1	0.82	48	left	10	21	P300
distractor	5	0.96	49	left	10	21	P300
distractor	4	1.36	50	left	10	21	P300
distractor	1	0.77	51	left	10	21	P300
distractor	1	0.75	52	left	10	21	P300
distractor	2	0.81	53	left	10	21	P300
distractor	2	0.71	54	left	10	21	P300
distractor	1	0.98	55	left	10	21	P300
distractor	2	0.92	56	left	10	21	P300
target	3	0.77	57	left	10	21	P300
distractor	2	1.05	58	left	10	21	P300
target	3	0.72	59	left	10	21	P300
distractor	5	1.11	60	left	10	21	P300
target	3	1.26	61	left	10	21	P300
distractor	4	3.22	62	left	10	21	P300
target	3	1.02	63	left	10	21	P300
distractor	5	0.7	64	left	10	21	P300
distractor	1	1.6	65	left	10	21	P300
distractor	5	0.95	66	left	10	21	P300
distractor	2	1.1	67	left	10	21	P300
distractor	4	1	68	left	10	21	P300
target	3	0.73	69	left	10	21	P300
distractor	4	0.88	70	left	10	21	P300
distractor	1	1.22	71	left	10	21	P300
distractor	4	1.65	72	left	10	21	P300
distractor	2	1.66	73	left	10	21	P300
distractor	5	1.18	74	left	10	21	P300
distractor	1	0.73	75	left	10	21	P300
distractor	5	1.1	76	left	10	21	P300
distractor	1	0.89	77	left	10	21	P300
target	3	0.92	78	left	10	21	P300
distractor	2	0.8	79	left	10	21	P300
distractor	4	0.77	80	left	10	21	P300
target	3	0.81	81	left	10	21	P300
distractor	4	0.79	82	left	10	21	P300
distractor	2	1.3	83	left	10	21	P300
target	3	1.06	84	left	10	21	P300
distractor	1	1.7	85	left	10	21	P300
distractor	2	0.92	86	left	10	21	P300
distractor	5	1.92	87	left	10	21	P300
distractor	5	1.52	88	left	10	21	P300
distractor	2	1.11	89	left	10	21	P300
distractor	1	1.68	90	left	10	21	P300
distractor	5	1	91	left	10	21	P300
distractor	2	0.82	92	left	10	21	P300
target	3	0.87	93	left	10	21	P300
distractor	5	0.9	94	left	10	21	P300
distractor	1	0.82	95	left	10	21	P300
distractor	4	2.19	96	left	10	21	P300
distractor	2	1.59	97	left	10	21	P300
distractor	5	0.75	98	left	10	21	P300
distractor	5	0.71	99	left	10	21	P300
distractor	1	0.92	100	left	10	21	P300
target	3	0.79	101	left	10	21	P300
distractor	5	0.92	102	left	10	21	P300
distractor	4	0.97	103	left	10	21	P300
distractor	2	0.71	104	left	10	21	P300
distractor	1	1.01	105	left	10	21	P300
distractor	4	1.94	106	left	10	21	P300
distractor	4	0.84	107	left	10	21	P300
distractor	4	0.85	108	left	10	21	P300
target	3	1.66	109	left	10	21	P300
distractor	2	0.73	110	left	10	21	P300
distractor	4	1.02	111	left	10	21	P300
target	3	1.22	112	left	10	21	P300
distractor	1	0.72	113	left	10	21	P300
target	3	0.76	114	left	10	21	P300
distractor	5	1.27	115	left	10	21	P300
distractor	5	0.85	116	left	10	21	P300
distractor	5	0.7	117	left	10	21	P300
target	3	0.94	118	left	10	21	P300
distractor	2	0.95	119	left	10	21	P300
distractor	4	0.98	120	left	10	21	P300
